INSERT INTO PUBLISHER (PUBLISHERID,PUBNAME,ADDRESS) VALUES (1010,'Pan Macmillan', 'Campus walk ln, suit 26');
INSERT INTO PUBLISHER (PUBLISHERID,PUBNAME,ADDRESS) VALUES (1011,'Pearson Education', 'Suit 25, Old capitol, Des Moins');
INSERT INTO PUBLISHER (PUBLISHERID,PUBNAME,ADDRESS) VALUES (1012,'Oxford University Press', 'Fowler Ave, Suit 88');
INSERT INTO PUBLISHER (PUBLISHERID,PUBNAME,ADDRESS) VALUES (1013,'Bloomsbury', '40 Golds road, New Jersey');

INSERT INTO DOCUMENT (DOCID,TITLE,PDATE,PUBLISHERID) VALUES (2222,'Harry Potter','2019-04-09 21:02:59',1013);
INSERT INTO DOCUMENT (DOCID,TITLE,PDATE,PUBLISHERID) VALUES (2223,'Game of Ice & Fire','2008-02-09 21:02:59',1010);
INSERT INTO DOCUMENT (DOCID,TITLE,PDATE,PUBLISHERID) VALUES (2224,'The New Me','2014-01-01 21:02:59',1010);
INSERT INTO DOCUMENT (DOCID,TITLE,PDATE,PUBLISHERID) VALUES (2225,'King of Joy','2012-04-04 21:02:59',1010);
INSERT INTO DOCUMENT (DOCID,TITLE,PDATE,PUBLISHERID) VALUES (2226,'The Silk Road','2012-05-09 21:02:59',1010);
INSERT INTO DOCUMENT (DOCID,TITLE,PDATE,PUBLISHERID) VALUES (2227,'The River','1999-03-11 21:02:59',1011);
INSERT INTO DOCUMENT (DOCID,TITLE,PDATE,PUBLISHERID) VALUES (2228,'The Wall','2011-06-02 21:02:59',1011);
INSERT INTO DOCUMENT (DOCID,TITLE,PDATE,PUBLISHERID) VALUES (2229,'Long Live the Tribe of Fatherless Girls','2018-07-03 21:02:59',1011);
INSERT INTO DOCUMENT (DOCID,TITLE,PDATE,PUBLISHERID) VALUES (2230,'The Reign of the Kingfisher','2018-05-03 21:02:59',1012);
INSERT INTO DOCUMENT (DOCID,TITLE,PDATE,PUBLISHERID) VALUES (2231,'Gingerbread','2019-02-02 21:02:59',1012);
INSERT INTO DOCUMENT (DOCID,TITLE,PDATE,PUBLISHERID) VALUES (2232,'The Volunteer','2013-08-01 21:02:59',1013);
INSERT INTO DOCUMENT (DOCID,TITLE,PDATE,PUBLISHERID) VALUES (2233,'The Bird King','2013-01-08 21:02:59',1013);
INSERT INTO DOCUMENT (DOCID,TITLE,PDATE,PUBLISHERID) VALUES (2234,'The Cook ','2011-02-09 21:02:59',1010);
INSERT INTO DOCUMENT (DOCID,TITLE,PDATE,PUBLISHERID) VALUES (2235,'The Other Americans','2019-06-01 21:02:59',1012);



INSERT INTO PROCEEDINGS (DOCID,CDATE,CLOCATION,CEDITOR) VALUE (2222,'2019-04-14 21:02:59','TAMPA','MARK JOE');
INSERT INTO PROCEEDINGS (DOCID,CDATE,CLOCATION,CEDITOR) VALUE (2223,'2011-05-26 21:02:59','CHARLOTTE','ROMEYN JHONS');
INSERT INTO PROCEEDINGS (DOCID,CDATE,CLOCATION,CEDITOR) VALUE (2224,'2019-02-11 21:02:59','NEW YORK','ADAM P');
INSERT INTO PROCEEDINGS (DOCID,CDATE,CLOCATION,CEDITOR) VALUE (2225,'2014-08-22 21:02:59','NEY YORK','ROBERT JAMES');
INSERT INTO PROCEEDINGS (DOCID,CDATE,CLOCATION,CEDITOR) VALUE (2226,'2014-12-18 21:02:59','ORLANDO','LISA SANDRA');
INSERT INTO PROCEEDINGS (DOCID,CDATE,CLOCATION,CEDITOR) VALUE (2227,'2016-05-29 21:02:59','MIAMI','MARK JOE');
INSERT INTO PROCEEDINGS (DOCID,CDATE,CLOCATION,CEDITOR) VALUE (2228,'2018-01-01 21:02:59','IOWA CITY','RICH BL');
INSERT INTO PROCEEDINGS (DOCID,CDATE,CLOCATION,CEDITOR) VALUE (2229,'2000-09-12 21:02:59','IOWA CITY','BRANDON TARPLAY');
INSERT INTO PROCEEDINGS (DOCID,CDATE,CLOCATION,CEDITOR) VALUE (2230,'2017-08-15 21:02:59','NEW JERSEY','CHESTER COFF');
INSERT INTO PROCEEDINGS (DOCID,CDATE,CLOCATION,CEDITOR) VALUE (2231,'2017-01-01 21:02:59','MUMBAI','SAURABH S');
INSERT INTO PROCEEDINGS (DOCID,CDATE,CLOCATION,CEDITOR) VALUE (2232,'2015-02-22 21:02:59','NEW JERSEY','JAY PAUL');
INSERT INTO PROCEEDINGS (DOCID,CDATE,CLOCATION,CEDITOR) VALUE (2233,'2013-12-12 21:02:59','LONDON','JAY PAUL');
INSERT INTO PROCEEDINGS (DOCID,CDATE,CLOCATION,CEDITOR) VALUE (2234,'2014-07-19 21:02:59','PARIS','STEVE JY');
INSERT INTO PROCEEDINGS (DOCID,CDATE,CLOCATION,CEDITOR) VALUE (2235,'2019-06-20 21:02:59','DES MOINS','ERIC HUDSON');


INSERT INTO BOOK (DOCID,ISBN) VALUES (2222,'ISB56834');
INSERT INTO BOOK (DOCID,ISBN) VALUES (2223,'ISB56324');
INSERT INTO BOOK (DOCID,ISBN) VALUES (2224,'ISB24587');
INSERT INTO BOOK (DOCID,ISBN) VALUES (2225,'ISB56855');
INSERT INTO BOOK (DOCID,ISBN) VALUES (2226,'ISB56346');
INSERT INTO BOOK (DOCID,ISBN) VALUES (2227,'ISB52431');
INSERT INTO BOOK (DOCID,ISBN) VALUES (2228,'ISB10999');
INSERT INTO BOOK (DOCID,ISBN) VALUES (2229,'ISB96844');
INSERT INTO BOOK (DOCID,ISBN) VALUES (2230,'ISB86822');
INSERT INTO BOOK (DOCID,ISBN) VALUES (2231,'ISB66419');
INSERT INTO BOOK (DOCID,ISBN) VALUES (2232,'ISB16554');
INSERT INTO BOOK (DOCID,ISBN) VALUES (2233,'ISB53346');
INSERT INTO BOOK (DOCID,ISBN) VALUES (2234,'ISB46812');
INSERT INTO BOOK (DOCID,ISBN) VALUES (2235,'ISB26859');



INSERT INTO AUTHOR (AUTHORID,ANAME) VALUES (8888,'John Lanchester');
INSERT INTO AUTHOR (AUTHORID,ANAME) VALUES (8889,'Kira Madden');
INSERT INTO AUTHOR (AUTHORID,ANAME) VALUES (8890,'T.J. Martinson');
INSERT INTO AUTHOR (AUTHORID,ANAME) VALUES (8891,'David Means');
INSERT INTO AUTHOR (AUTHORID,ANAME) VALUES (8892,'Mallor Meara');
INSERT INTO AUTHOR (AUTHORID,ANAME) VALUES (8893,'Helen Oyeyemi');
INSERT INTO AUTHOR (AUTHORID,ANAME) VALUES (8894,'Taylor Jenkins Reid');
INSERT INTO AUTHOR (AUTHORID,ANAME) VALUES (8895,'Salvatore Scibona');
INSERT INTO AUTHOR (AUTHORID,ANAME) VALUES (8896,'Kate Hope');
INSERT INTO AUTHOR (AUTHORID,ANAME) VALUES (8897,'Willow Wilson');
INSERT INTO AUTHOR (AUTHORID,ANAME) VALUES (8898,'Barry Lopez');
INSERT INTO AUTHOR (AUTHORID,ANAME) VALUES (8899,'Bryan Washington');
INSERT INTO AUTHOR (AUTHORID,ANAME) VALUES (8900,'Candice Carty');
INSERT INTO AUTHOR (AUTHORID,ANAME) VALUES (8901,'Nathan Englander');



INSERT INTO WRITES (AUTHORID,DOCID) VALUE (8888,2222);
INSERT INTO WRITES (AUTHORID,DOCID) VALUE (8889,2223);
INSERT INTO WRITES (AUTHORID,DOCID) VALUE (8890,2224);
INSERT INTO WRITES (AUTHORID,DOCID) VALUE (8891,2225);
INSERT INTO WRITES (AUTHORID,DOCID) VALUE (8892,2226);
INSERT INTO WRITES (AUTHORID,DOCID) VALUE (8893,2227);
INSERT INTO WRITES (AUTHORID,DOCID) VALUE (8894,2228);
INSERT INTO WRITES (AUTHORID,DOCID) VALUE (8895,2229);
INSERT INTO WRITES (AUTHORID,DOCID) VALUE (8896,2230);
INSERT INTO WRITES (AUTHORID,DOCID) VALUE (8897,2231);
INSERT INTO WRITES (AUTHORID,DOCID) VALUE (8898,2232);
INSERT INTO WRITES (AUTHORID,DOCID) VALUE (8899,2233);
INSERT INTO WRITES (AUTHORID,DOCID) VALUE (8900,2234);
INSERT INTO WRITES (AUTHORID,DOCID) VALUE (8901,2235);



INSERT INTO CHIEF_EDITOR (EDITOR_ID,ENAME) VALUES (1111,'SAMUAL IMMANUAL');
INSERT INTO CHIEF_EDITOR (EDITOR_ID,ENAME) VALUES (1112,'DYANA BARB');
INSERT INTO CHIEF_EDITOR (EDITOR_ID,ENAME) VALUES (1113,'ROBIN KEL');
INSERT INTO CHIEF_EDITOR (EDITOR_ID,ENAME) VALUES (1114,'CANAN TAPI');
INSERT INTO CHIEF_EDITOR (EDITOR_ID,ENAME) VALUES (1115,'DERIK PAULSIN');
INSERT INTO CHIEF_EDITOR (EDITOR_ID,ENAME) VALUES (1116,'MICHAEL NOIL');
INSERT INTO CHIEF_EDITOR (EDITOR_ID,ENAME) VALUES (1117,'WALTER WHITE');
INSERT INTO CHIEF_EDITOR (EDITOR_ID,ENAME) VALUES (1118,'JEFF');




INSERT INTO JOURNAL_VOLUME (DOCID,JVOLUME,EDITOR_ID) VALUES (2222,'V1.1',1111);
INSERT INTO JOURNAL_VOLUME (DOCID,JVOLUME,EDITOR_ID) VALUES (2223,'V1.1',1111);
INSERT INTO JOURNAL_VOLUME (DOCID,JVOLUME,EDITOR_ID) VALUES (2224,'V1.1',1118);
INSERT INTO JOURNAL_VOLUME (DOCID,JVOLUME,EDITOR_ID) VALUES (2225,'V1.1',1114);
INSERT INTO JOURNAL_VOLUME (DOCID,JVOLUME,EDITOR_ID) VALUES (2226,'V1.1',1112);
INSERT INTO JOURNAL_VOLUME (DOCID,JVOLUME,EDITOR_ID) VALUES (2227,'V1.1',1112);
INSERT INTO JOURNAL_VOLUME (DOCID,JVOLUME,EDITOR_ID) VALUES (2228,'V1.1',1116);
INSERT INTO JOURNAL_VOLUME (DOCID,JVOLUME,EDITOR_ID) VALUES (2229,'V1.1',1112);
INSERT INTO JOURNAL_VOLUME (DOCID,JVOLUME,EDITOR_ID) VALUES (2230,'V1.1',1112);
INSERT INTO JOURNAL_VOLUME (DOCID,JVOLUME,EDITOR_ID) VALUES (2231,'V1.1',1111);
INSERT INTO JOURNAL_VOLUME (DOCID,JVOLUME,EDITOR_ID) VALUES (2232,'V1.1',1114);
INSERT INTO JOURNAL_VOLUME (DOCID,JVOLUME,EDITOR_ID) VALUES (2233,'V1.1',1113);
INSERT INTO JOURNAL_VOLUME (DOCID,JVOLUME,EDITOR_ID) VALUES (2234,'V1.1',1117);
INSERT INTO JOURNAL_VOLUME (DOCID,JVOLUME,EDITOR_ID) VALUES (2235,'V1.1',1118);




INSERT INTO JOURNAL_ISSUE (DOCID,ISSUE_NO,SCOPE) VALUES (2222,82,'OPEN');
INSERT INTO JOURNAL_ISSUE (DOCID,ISSUE_NO,SCOPE) VALUES (2222,44,'CLOSE');
INSERT INTO JOURNAL_ISSUE (DOCID,ISSUE_NO,SCOPE) VALUES (2222,828,'CLOSE');
INSERT INTO JOURNAL_ISSUE (DOCID,ISSUE_NO,SCOPE) VALUES (2229,44,'CLOSE');
INSERT INTO JOURNAL_ISSUE (DOCID,ISSUE_NO,SCOPE) VALUES (2224,24,'OPEN');
INSERT INTO JOURNAL_ISSUE (DOCID,ISSUE_NO,SCOPE) VALUES (2229,46,'REOPEN');
INSERT INTO JOURNAL_ISSUE (DOCID,ISSUE_NO,SCOPE) VALUES (2230,89,'OPEN');
INSERT INTO JOURNAL_ISSUE (DOCID,ISSUE_NO,SCOPE) VALUES (2230,87,'CLOSE');
INSERT INTO JOURNAL_ISSUE (DOCID,ISSUE_NO,SCOPE) VALUES (2235,828,'OPEN');
INSERT INTO JOURNAL_ISSUE (DOCID,ISSUE_NO,SCOPE) VALUES (2224,442,'CLOSE');
INSERT INTO JOURNAL_ISSUE (DOCID,ISSUE_NO,SCOPE) VALUES (2225,821,'OPEN');
INSERT INTO JOURNAL_ISSUE (DOCID,ISSUE_NO,SCOPE) VALUES (2226,4466,'OPEN');
INSERT INTO JOURNAL_ISSUE (DOCID,ISSUE_NO,SCOPE) VALUES (2227,8243,'OPEN');
INSERT INTO JOURNAL_ISSUE (DOCID,ISSUE_NO,SCOPE) VALUES (2228,4424,'CLOSE');
INSERT INTO JOURNAL_ISSUE (DOCID,ISSUE_NO,SCOPE) VALUES (2228,82448,'OPEN');
INSERT INTO JOURNAL_ISSUE (DOCID,ISSUE_NO,SCOPE) VALUES (2228,45664,'CLOSE');
INSERT INTO JOURNAL_ISSUE (DOCID,ISSUE_NO,SCOPE) VALUES (2228,382,'OPEN');
INSERT INTO JOURNAL_ISSUE (DOCID,ISSUE_NO,SCOPE) VALUES (2231,2446,'CLOSE');
INSERT INTO JOURNAL_ISSUE (DOCID,ISSUE_NO,SCOPE) VALUES (2231,1682,'OPEN');
INSERT INTO JOURNAL_ISSUE (DOCID,ISSUE_NO,SCOPE) VALUES (2232,7344,'REOPEN');



INSERT INTO INV_EDITOR (DOCID,ISSUE_NO,IENAME) VALUES (2222,82,'JAMES WALT');
INSERT INTO INV_EDITOR (DOCID,ISSUE_NO,IENAME) VALUES (2222,44,'JAMES JR');
INSERT INTO INV_EDITOR (DOCID,ISSUE_NO,IENAME) VALUES (2229,46,'ERIC JR');
INSERT INTO INV_EDITOR (DOCID,ISSUE_NO,IENAME) VALUES (2222,828,'OLIVER NATA');
INSERT INTO INV_EDITOR (DOCID,ISSUE_NO,IENAME) VALUES (2229,44,'BEKKY RT.');
INSERT INTO INV_EDITOR (DOCID,ISSUE_NO,IENAME) VALUES (2224,24,'BILL EVAN');
INSERT INTO INV_EDITOR (DOCID,ISSUE_NO,IENAME) VALUES (2229,46,'SARA EVAN');
INSERT INTO INV_EDITOR (DOCID,ISSUE_NO,IENAME) VALUES (2230,89,'KEIN DUO');
INSERT INTO INV_EDITOR (DOCID,ISSUE_NO,IENAME) VALUES (2230,87,'KRISTY KELLBACH');
INSERT INTO INV_EDITOR (DOCID,ISSUE_NO,IENAME) VALUES (2235,828,'JEFFREY JAMI');
INSERT INTO INV_EDITOR (DOCID,ISSUE_NO,IENAME) VALUES (2224,442,'ROSAVELT JR');
INSERT INTO INV_EDITOR (DOCID,ISSUE_NO,IENAME) VALUES (2225,821,'KRISTY KELLBACH');
INSERT INTO INV_EDITOR (DOCID,ISSUE_NO,IENAME) VALUES (2226,4466,'LARRY PAGE');
INSERT INTO INV_EDITOR (DOCID,ISSUE_NO,IENAME) VALUES (2227,8243,'LERRY JENNINGS');
INSERT INTO INV_EDITOR (DOCID,ISSUE_NO,IENAME) VALUES (2227,8243,'MELLISA');
INSERT INTO INV_EDITOR (DOCID,ISSUE_NO,IENAME) VALUES (2227,8243,'KEIN DUO');
INSERT INTO INV_EDITOR (DOCID,ISSUE_NO,IENAME) VALUES (2228,4424,'OLIVER NATA');
INSERT INTO INV_EDITOR (DOCID,ISSUE_NO,IENAME) VALUES (2228,82448,'KELLY CUCCO');
INSERT INTO INV_EDITOR (DOCID,ISSUE_NO,IENAME) VALUES (2228,45664,'JONEY WILL');
INSERT INTO INV_EDITOR (DOCID,ISSUE_NO,IENAME) VALUES (2228,382,'JONEY WILL');
INSERT INTO INV_EDITOR (DOCID,ISSUE_NO,IENAME) VALUES (2231,2446,'ROSAVELT JR');
INSERT INTO INV_EDITOR (DOCID,ISSUE_NO,IENAME) VALUES (2231,2446,'SARA EVAN');
INSERT INTO INV_EDITOR (DOCID,ISSUE_NO,IENAME) VALUES (2231,1682,'EMILLY ROPE');
INSERT INTO INV_EDITOR (DOCID,ISSUE_NO,IENAME) VALUES (2232,7344,'HOPE JAMES');




INSERT INTO BRANCH (LIBID,LNAME,LLOCATION) VALUES (6666,'NEWARK BRANCH','NEWARK');
INSERT INTO BRANCH (LIBID,LNAME,LLOCATION) VALUES (6667,'HARRISON BRANCH','HARRISON');
INSERT INTO BRANCH (LIBID,LNAME,LLOCATION) VALUES (6668,'NEW YORK BRANCH','NEW YORK');
INSERT INTO BRANCH (LIBID,LNAME,LLOCATION) VALUES (6669,'FLETHER BLVD BRANCH','TAMPA');
INSERT INTO BRANCH (LIBID,LNAME,LLOCATION) VALUES (6670,'FOWLER BLVD BRANCH','TAMPA');
INSERT INTO BRANCH (LIBID,LNAME,LLOCATION) VALUES (6671,'AAA DRIVE BRANCH','ORLANDO');
INSERT INTO BRANCH (LIBID,LNAME,LLOCATION) VALUES (6672,'OLD CAPITOL BRANCH','IOWA CITY');
INSERT INTO BRANCH (LIBID,LNAME,LLOCATION) VALUES (6673,'CAMPUS WALK BRANCH','CHARLOTTE');
INSERT INTO BRANCH (LIBID,LNAME,LLOCATION) VALUES (6674,'HOLLYWOOD DR. BRANCH','ATLANTIC CITY');
INSERT INTO BRANCH (LIBID,LNAME,LLOCATION) VALUES (6675,'CAMBRIDGE WOODS BRANCH','LONG ISLAND');
INSERT INTO BRANCH (LIBID,LNAME,LLOCATION) VALUES (6676,'HEATHROW ROAD BRANCH','LONDON');
INSERT INTO BRANCH (LIBID,LNAME,LLOCATION) VALUES (6677,'M.G ROAD BRANCH','MUMBAI');



INSERT INTO COPY (DOCID,COPYNO,LIBID,POSITION) VALUES (2222,0001,6666,'001A01');
INSERT INTO COPY (DOCID,COPYNO,LIBID,POSITION) VALUES (2222,0002,6666,'002A02');
INSERT INTO COPY (DOCID,COPYNO,LIBID,POSITION) VALUES (2222,0003,6666,'003A03');
INSERT INTO COPY (DOCID,COPYNO,LIBID,POSITION) VALUES (2222,0004,6666,'004A04');
INSERT INTO COPY (DOCID,COPYNO,LIBID,POSITION) VALUES (2222,0001,6667,'001B01');
INSERT INTO COPY (DOCID,COPYNO,LIBID,POSITION) VALUES (2222,0002,6667,'002B02');
INSERT INTO COPY (DOCID,COPYNO,LIBID,POSITION) VALUES (2222,0003,6667,'002B03');
INSERT INTO COPY (DOCID,COPYNO,LIBID,POSITION) VALUES (2223,0001,6666,'001C01');
INSERT INTO COPY (DOCID,COPYNO,LIBID,POSITION) VALUES (2223,0002,6666,'002C02');
INSERT INTO COPY (DOCID,COPYNO,LIBID,POSITION) VALUES (2223,0003,6666,'003C03');
INSERT INTO COPY (DOCID,COPYNO,LIBID,POSITION) VALUES (2223,0001,6669,'001D01');
INSERT INTO COPY (DOCID,COPYNO,LIBID,POSITION) VALUES (2223,0002,6669,'002D02');
INSERT INTO COPY (DOCID,COPYNO,LIBID,POSITION) VALUES (2223,0003,6669,'003D03');
INSERT INTO COPY (DOCID,COPYNO,LIBID,POSITION) VALUES (2232,0001,6674,'001E01');
INSERT INTO COPY (DOCID,COPYNO,LIBID,POSITION) VALUES (2232,0002,6674,'002E02');
INSERT INTO COPY (DOCID,COPYNO,LIBID,POSITION) VALUES (2232,0003,6674,'003E03');
INSERT INTO COPY (DOCID,COPYNO,LIBID,POSITION) VALUES (2232,0004,6674,'004E04');
INSERT INTO COPY (DOCID,COPYNO,LIBID,POSITION) VALUES (2232,0005,6674,'005E05');
INSERT INTO COPY (DOCID,COPYNO,LIBID,POSITION) VALUES (2232,0006,6674,'006E06');
INSERT INTO COPY (DOCID,COPYNO,LIBID,POSITION) VALUES (2232,0001,6672,'001F01');
INSERT INTO COPY (DOCID,COPYNO,LIBID,POSITION) VALUES (2232,0002,6672,'001F02');
INSERT INTO COPY (DOCID,COPYNO,LIBID,POSITION) VALUES (2232,0003,6672,'003F03');
INSERT INTO COPY (DOCID,COPYNO,LIBID,POSITION) VALUES (2232,0004,6672,'004F04');
INSERT INTO COPY (DOCID,COPYNO,LIBID,POSITION) VALUES (2229,0001,6666,'001G01');
INSERT INTO COPY (DOCID,COPYNO,LIBID,POSITION) VALUES (2229,0002,6666,'002G02');
INSERT INTO COPY (DOCID,COPYNO,LIBID,POSITION) VALUES (2229,0003,6666,'003G03');
INSERT INTO COPY (DOCID,COPYNO,LIBID,POSITION) VALUES (2229,0004,6666,'004G04');
INSERT INTO COPY (DOCID,COPYNO,LIBID,POSITION) VALUES (2229,0005,6666,'005G05');
INSERT INTO COPY (DOCID,COPYNO,LIBID,POSITION) VALUES (2229,0001,6667,'005G05');

-- INSERT INTO COPY (DOCID,COPYNO,LIBID) VALUES (2223,0002,6667);
-- INSERT INTO COPY (DOCID,COPYNO,LIBID) VALUES (2224,0003,6668);
-- INSERT INTO COPY (DOCID,COPYNO,LIBID) VALUES (2225,0004,6669);
-- INSERT INTO COPY (DOCID,COPYNO,LIBID) VALUES (2226,0005,6670);
-- INSERT INTO COPY (DOCID,COPYNO,LIBID) VALUES (2227,0006,6671);
-- INSERT INTO COPY (DOCID,COPYNO,LIBID) VALUES (2228,0007,6672);
-- INSERT INTO COPY (DOCID,COPYNO,LIBID) VALUES (2229,0008,6673);
-- INSERT INTO COPY (DOCID,COPYNO,LIBID) VALUES (2230,0009,6674);
-- INSERT INTO COPY (DOCID,COPYNO,LIBID) VALUES (2231,0010,6675);
-- INSERT INTO COPY (DOCID,COPYNO,LIBID) VALUES (2232,0011,6676);
-- INSERT INTO COPY (DOCID,COPYNO,LIBID) VALUES (2233,0012,6677);
-- INSERT INTO COPY (DOCID,COPYNO,LIBID) VALUES (2234,0013,6677);
-- INSERT INTO COPY (DOCID,COPYNO,LIBID) VALUES (2235,0014,6677);



INSERT INTO READER (READERID,RPASSWORD,RTYPE,RNAME,ADDRESS) VALUES ('PUBLIB-4000','password','STAFF','souradeep','29 Redtail Bend');
INSERT INTO READER (READERID,RPASSWORD,RTYPE,RNAME,ADDRESS) VALUES ('PUBLIB-4001','password','STAFF','pragati tamwar','316 Harrison Ave.');
INSERT INTO READER (READERID,RPASSWORD,RTYPE,RNAME,ADDRESS) VALUES ('PUBLIB-4002','password','STAFF','anupam','777 Harrison Ave.');
INSERT INTO READER (READERID,RPASSWORD,RTYPE,RNAME,ADDRESS) VALUES ('PUBLIB-4003',null,'STUDENT','Ryan Will','6th Street, New York');
INSERT INTO READER (READERID,RPASSWORD,RTYPE,RNAME,ADDRESS) VALUES ('PUBLIB-4004',null,'STUDENT','Spencer Jr','Tower Ct, Iowa City');
INSERT INTO READER (READERID,RPASSWORD,RTYPE,RNAME,ADDRESS) VALUES ('PUBLIB-4005',null,'SENIOR_CITIZEN','Barb Tapia','On 50 Apts, Charlotte');
INSERT INTO READER (READERID,RPASSWORD,RTYPE,RNAME,ADDRESS) VALUES ('PUBLIB-4006',null,'SENIOR_CITIZEN','Dyana Lynch','5th Aven, London');


-- INSERT INTO RESERVES (RESUMBER,READERID,DOCID,COPYNO,LIBID,DTIME) VALUES ('RES-1111','PUBLIB-4000',2222,0001,6666,'2017-08-15 21:02:59');
-- INSERT INTO RESERVES (RESUMBER,READERID,DOCID,COPYNO,LIBID,DTIME) VALUES ('RES-1112','PUBLIB-4000',2223,0002,6667,'2016-08-15 21:02:59');
-- INSERT INTO RESERVES (RESUMBER,READERID,DOCID,COPYNO,LIBID,DTIME) VALUES ('RES-1113','PUBLIB-4001',2224,0003,6668,'2019-04-02 21:02:59');
-- INSERT INTO RESERVES (RESUMBER,READERID,DOCID,COPYNO,LIBID,DTIME) VALUES ('RES-1114','PUBLIB-4001',2225,0004,6669,'2018-12-12 21:02:59');




